{
  "name": "marinetrack-backend",
  "version": "1.0.0",
  "lockfileVersion": 3,
  "requires": true,
  "packages": {
    "": {
      "name": "marinetrack-backend",
      "version": "1.0.0",
      "dependencies": {
        "cors": "^2.8.5",
        "express": "^4.21.2",
        "http-proxy-middleware": "^3.0.5",
        "socket.io": "^4.6.1"
      },
      "devDependencies": {
        "searoute-js": "^0.1.0"
      }
    },
    "node_modules/@socket.io/component-emitter": {
      "version": "3.1.2",
      "resolved": "https://registry.npmjs.org/@socket.io/component-emitter/-/component-emitter-3.1.2.tgz",
      "integrity": "sha512-9BCxFwvbGg/RsZK9tjXd8s4UcwR0MWeFQ1XEKIQVVvAGJyINdrqKMcTRyLoK8Rse1GjzLV9cwjWV1olXRWEXVA==",
      "license": "MIT"
    },
    "node_modules/@turf/bearing": {
      "version": "6.5.0",
      "resolved": "https://registry.npmjs.org/@turf/bearing/-/bearing-6.5.0.tgz",
      "integrity": "sha512-dxINYhIEMzgDOztyMZc20I7ssYVNEpSv04VbMo5YPQsqa80KO3TFvbuCahMsCAW5z8Tncc8dwBlEFrmRjJG33A==",
      "dev": true,
      "license": "MIT",
      "dependencies": {
        "@turf/helpers": "^6.5.0",
        "@turf/invariant": "^6.5.0"
      },
      "funding": {
        "url": "https://opencollective.com/turf"
      }
    },
    "node_modules/@turf/clone": {
      "version": "6.5.0",
      "resolved": "https://registry.npmjs.org/@turf/clone/-/clone-6.5.0.tgz",
      "integrity": "sha512-mzVtTFj/QycXOn6ig+annKrM6ZlimreKYz6f/GSERytOpgzodbQyOgkfwru100O1KQhhjSudKK4DsQ0oyi9cTw==",
      "dev": true,
      "license": "MIT",
      "dependencies": {
        "@turf/helpers": "^6.5.0"
      },
      "funding": {
        "url": "https://opencollective.com/turf"
      }
    },
    "node_modules/@turf/distance": {
      "version": "6.5.0",
      "resolved": "https://registry.npmjs.org/@turf/distance/-/distance-6.5.0.tgz",
      "integrity": "sha512-xzykSLfoURec5qvQJcfifw/1mJa+5UwByZZ5TZ8iaqjGYN0vomhV9aiSLeYdUGtYRESZ+DYC/OzY+4RclZYgMg==",
      "dev": true,
      "license": "MIT",
      "dependencies": {
        "@turf/helpers": "^6.5.0",
        "@turf/invariant": "^6.5.0"
      },
      "funding": {
        "url": "https://opencollective.com/turf"
      }
    },
    "node_modules/@turf/explode": {
      "version": "6.5.0",
      "resolved": "https://registry.npmjs.org/@turf/explode/-/explode-6.5.0.tgz",
      "integrity": "sha512-6cSvMrnHm2qAsace6pw9cDmK2buAlw8+tjeJVXMfMyY+w7ZUi1rprWMsY92J7s2Dar63Bv09n56/1V7+tcj52Q==",
      "dev": true,
      "license": "MIT",
      "dependencies": {
        "@turf/helpers": "^6.5.0",
        "@turf/meta": "^6.5.0"
      },
      "funding": {
        "url": "https://opencollective.com/turf"
      }
    },
    "node_modules/@turf/helpers": {
      "version": "6.5.0",
      "resolved": "https://registry.npmjs.org/@turf/helpers/-/helpers-6.5.0.tgz",
      "integrity": "sha512-VbI1dV5bLFzohYYdgqwikdMVpe7pJ9X3E+dlr425wa2/sMJqYDhTO++ec38/pcPvPE6oD9WEEeU3Xu3gza+VPw==",
      "dev": true,
      "license": "MIT",
      "funding": {
        "url": "https://opencollective.com/turf"
      }
    },
    "node_modules/@turf/invariant": {
      "version": "6.5.0",
      "resolved": "https://registry.npmjs.org/@turf/invariant/-/invariant-6.5.0.tgz",
      "integrity": "sha512-Wv8PRNCtPD31UVbdJE/KVAWKe7l6US+lJItRR/HOEW3eh+U/JwRCSUl/KZ7bmjM/C+zLNoreM2TU6OoLACs4eg==",
      "dev": true,
      "license": "MIT",
      "dependencies": {
        "@turf/helpers": "^6.5.0"
      },
      "funding": {
        "url": "https://opencollective.com/turf"
      }
    },
    "node_modules/@turf/length": {
      "version": "6.5.0",
      "resolved": "https://registry.npmjs.org/@turf/length/-/length-6.5.0.tgz",
      "integrity": "sha512-5pL5/pnw52fck3oRsHDcSGrj9HibvtlrZ0QNy2OcW8qBFDNgZ4jtl6U7eATVoyWPKBHszW3dWETW+iLV7UARig==",
      "dev": true,
      "license": "MIT",
      "dependencies": {
        "@turf/distance": "^6.5.0",
        "@turf/helpers": "^6.5.0",
        "@turf/meta": "^6.5.0"
      },
      "funding": {
        "url": "https://opencollective.com/turf"
      }
    },
    "node_modules/@turf/meta": {
      "version": "6.5.0",
      "resolved": "https://registry.npmjs.org/@turf/meta/-/meta-6.5.0.tgz",
      "integrity": "sha512-RrArvtsV0vdsCBegoBtOalgdSOfkBrTJ07VkpiCnq/491W67hnMWmDu7e6Ztw0C3WldRYTXkg3SumfdzZxLBHA==",
      "dev": true,
      "license": "MIT",
      "dependencies": {
        "@turf/helpers": "^6.5.0"
      },
      "funding": {
        "url": "https://opencollective.com/turf"
      }
    },
    "node_modules/@turf/point-to-line-distance": {
      "version": "6.5.0",
      "resolved": "https://registry.npmjs.org/@turf/point-to-line-distance/-/point-to-line-distance-6.5.0.tgz",
      "integrity": "sha512-opHVQ4vjUhNBly1bob6RWy+F+hsZDH9SA0UW36pIRzfpu27qipU18xup0XXEePfY6+wvhF6yL/WgCO2IbrLqEA==",
      "dev": true,
      "license": "MIT",
      "dependencies": {
        "@turf/bearing": "^6.5.0",
        "@turf/distance": "^6.5.0",
        "@turf/helpers": "^6.5.0",
        "@turf/invariant": "^6.5.0",
        "@turf/meta": "^6.5.0",
        "@turf/projection": "^6.5.0",
        "@turf/rhumb-bearing": "^6.5.0",
        "@turf/rhumb-distance": "^6.5.0"
      },
      "funding": {
        "url": "https://opencollective.com/turf"
      }
    },
    "node_modules/@turf/projection": {
      "version": "6.5.0",
      "resolved": "https://registry.npmjs.org/@turf/projection/-/projection-6.5.0.tgz",
      "integrity": "sha512-/Pgh9mDvQWWu8HRxqpM+tKz8OzgauV+DiOcr3FCjD6ubDnrrmMJlsf6fFJmggw93mtVPrZRL6yyi9aYCQBOIvg==",
      "dev": true,
      "license": "MIT",
      "dependencies": {
        "@turf/clone": "^6.5.0",
        "@turf/helpers": "^6.5.0",
        "@turf/meta": "^6.5.0"
      },
      "funding": {
        "url": "https://opencollective.com/turf"
      }
    },
    "node_modules/@turf/rhumb-bearing": {
      "version": "6.5.0",
      "resolved": "https://registry.npmjs.org/@turf/rhumb-bearing/-/rhumb-bearing-6.5.0.tgz",
      "integrity": "sha512-jMyqiMRK4hzREjQmnLXmkJ+VTNTx1ii8vuqRwJPcTlKbNWfjDz/5JqJlb5NaFDcdMpftWovkW5GevfnuzHnOYA==",
      "dev": true,
      "license": "MIT",
      "dependencies": {
        "@turf/helpers": "^6.5.0",
        "@turf/invariant": "^6.5.0"
      },
      "funding": {
        "url": "https://opencollective.com/turf"
      }
    },
    "node_modules/@turf/rhumb-distance": {
      "version": "6.5.0",
      "resolved": "https://registry.npmjs.org/@turf/rhumb-distance/-/rhumb-distance-6.5.0.tgz",
      "integrity": "sha512-oKp8KFE8E4huC2Z1a1KNcFwjVOqa99isxNOwfo4g3SUABQ6NezjKDDrnvC4yI5YZ3/huDjULLBvhed45xdCrzg==",
      "dev": true,
      "license": "MIT",
      "dependencies": {
        "@turf/helpers": "^6.5.0",
        "@turf/invariant": "^6.5.0"
      },
      "funding": {
        "url": "https://opencollective.com/turf"
      }
    },
    "node_modules/@types/cors": {
      "version": "2.8.19",
      "resolved": "https://registry.npmjs.org/@types/cors/-/cors-2.8.19.tgz",
      "integrity": "sha512-mFNylyeyqN93lfe/9CSxOGREz8cpzAhH+E93xJ4xWQf62V8sQ/24reV2nyzUWM6H6Xji+GGHpkbLe7pVoUEskg==",
      "license": "MIT",
      "dependencies": {
        "@types/node": "*"
      }
    },
    "node_modules/@types/http-proxy": {
      "version": "1.17.17",
      "resolved": "https://registry.npmjs.org/@types/http-proxy/-/http-proxy-1.17.17.tgz",
      "integrity": "sha512-ED6LB+Z1AVylNTu7hdzuBqOgMnvG/ld6wGCG8wFnAzKX5uyW2K3WD52v0gnLCTK/VLpXtKckgWuyScYK6cSPaw==",
      "license": "MIT",
      "dependencies": {
        "@types/node": "*"
      }
    },
    "node_modules/@types/node": {
      "version": "24.9.2",
      "resolved": "https://registry.npmjs.org/@types/node/-/node-24.9.2.tgz",
      "integrity": "sha512-uWN8YqxXxqFMX2RqGOrumsKeti4LlmIMIyV0lgut4jx7KQBcBiW6vkDtIBvHnHIquwNfJhk8v2OtmO8zXWHfPA==",
      "license": "MIT",
      "dependencies": {
        "undici-types": "~7.16.0"
      }
    },
    "node_modules/accepts": {
      "version": "1.3.8",
      "resolved": "https://registry.npmjs.org/accepts/-/accepts-1.3.8.tgz",
      "integrity": "sha512-PYAthTa2m2VKxuvSD3DPC/Gy+U+sOA1LAuT8mkmRuvw+NACSaeXEQ+NHcVF7rONl6qcaxV3Uuemwawk+7+SJLw==",
      "license": "MIT",
      "dependencies": {
        "mime-types": "~2.1.34",
        "negotiator": "0.6.3"
      },
      "engines": {
        "node": ">= 0.6"
      }
    },
    "node_modules/array-flatten": {
      "version": "1.1.1",
      "resolved": "https://registry.npmjs.org/array-flatten/-/array-flatten-1.1.1.tgz",
      "integrity": "sha512-PCVAQswWemu6UdxsDFFX/+gVeYqKAod3D3UVm91jHwynguOwAvYPhx8nNlM++NqRcK6CxxpUafjmhIdKiHibqg==",
      "license": "MIT"
    },
    "node_modules/base64id": {
      "version": "2.0.0",
      "resolved": "https://registry.npmjs.org/base64id/-/base64id-2.0.0.tgz",
      "integrity": "sha512-lGe34o6EHj9y3Kts9R4ZYs/Gr+6N7MCaMlIFA3F1R2O5/m7K06AxfSeO5530PEERE6/WyEg3lsuyw4GHlPZHog==",
      "license": "MIT",
      "engines": {
        "node": "^4.5.0 || >= 5.9"
      }
    },
    "node_modules/body-parser": {
      "version": "1.20.3",
      "resolved": "https://registry.npmjs.org/body-parser/-/body-parser-1.20.3.tgz",
      "integrity": "sha512-7rAxByjUMqQ3/bHJy7D6OGXvx/MMc4IqBn/X0fcM1QUcAItpZrBEYhWGem+tzXH90c+G01ypMcYJBO9Y30203g==",
      "license": "MIT",
      "dependencies": {
        "bytes": "3.1.2",
        "content-type": "~1.0.5",
        "debug": "2.6.9",
        "depd": "2.0.0",
        "destroy": "1.2.0",
        "http-errors": "2.0.0",
        "iconv-lite": "0.4.24",
        "on-finished": "2.4.1",
        "qs": "6.13.0",
        "raw-body": "2.5.2",
        "type-is": "~1.6.18",
        "unpipe": "1.0.0"
      },
      "engines": {
        "node": ">= 0.8",
        "npm": "1.2.8000 || >= 1.4.16"
      }
    },
    "node_modules/braces": {
      "version": "3.0.3",
      "resolved": "https://registry.npmjs.org/braces/-/braces-3.0.3.tgz",
      "integrity": "sha512-yQbXgO/OSZVD2IsiLlro+7Hf6Q18EJrKSEsdoMzKePKXct3gvD8oLcOQdIzGupr5Fj+EDe8gO/lxc1BzfMpxvA==",
      "license": "MIT",
      "dependencies": {
        "fill-range": "^7.1.1"
      },
      "engines": {
        "node": ">=8"
      }
    },
    "node_modules/bytes": {
      "version": "3.1.2",
      "resolved": "https://registry.npmjs.org/bytes/-/bytes-3.1.2.tgz",
      "integrity": "sha512-/Nf7TyzTx6S3yRJObOAV7956r8cr2+Oj8AC5dt8wSP3BQAoeX58NoHyCU8P8zGkNXStjTSi6fzO6F0pBdcYbEg==",
      "license": "MIT",
      "engines": {
        "node": ">= 0.8"
      }
    },
    "node_modules/call-bind-apply-helpers": {
      "version": "1.0.2",
      "resolved": "https://registry.npmjs.org/call-bind-apply-helpers/-/call-bind-apply-helpers-1.0.2.tgz",
      "integrity": "sha512-Sp1ablJ0ivDkSzjcaJdxEunN5/XvksFJ2sMBFfq6x0ryhQV/2b/KwFe21cMpmHtPOSij8K99/wSfoEuTObmuMQ==",
      "license": "MIT",
      "dependencies": {
        "es-errors": "^1.3.0",
        "function-bind": "^1.1.2"
      },
      "engines": {
        "node": ">= 0.4"
      }
    },
    "node_modules/call-bound": {
      "version": "1.0.4",
      "resolved": "https://registry.npmjs.org/call-bound/-/call-bound-1.0.4.tgz",
      "integrity": "sha512-+ys997U96po4Kx/ABpBCqhA9EuxJaQWDQg7295H4hBphv3IZg0boBKuwYpt4YXp6MZ5AmZQnU/tyMTlRpaSejg==",
      "license": "MIT",
      "dependencies": {
        "call-bind-apply-helpers": "^1.0.2",
        "get-intrinsic": "^1.3.0"
      },
      "engines": {
        "node": ">= 0.4"
      },
      "funding": {
        "url": "https://github.com/sponsors/ljharb"
      }
    },
    "node_modules/content-disposition": {
      "version": "0.5.4",
      "resolved": "https://registry.npmjs.org/content-disposition/-/content-disposition-0.5.4.tgz",
      "integrity": "sha512-FveZTNuGw04cxlAiWbzi6zTAL/lhehaWbTtgluJh4/E95DqMwTmha3KZN1aAWA8cFIhHzMZUvLevkw5Rqk+tSQ==",
      "license": "MIT",
      "dependencies": {
        "safe-buffer": "5.2.1"
      },
      "engines": {
        "node": ">= 0.6"
      }
    },
    "node_modules/content-type": {
      "version": "1.0.5",
      "resolved": "https://registry.npmjs.org/content-type/-/content-type-1.0.5.tgz",
      "integrity": "sha512-nTjqfcBFEipKdXCv4YDQWCfmcLZKm81ldF0pAopTvyrFGVbcR6P/VAAd5G7N+0tTr8QqiU0tFadD6FK4NtJwOA==",
      "license": "MIT",
      "engines": {
        "node": ">= 0.6"
      }
    },
    "node_modules/cookie": {
      "version": "0.7.1",
      "resolved": "https://registry.npmjs.org/cookie/-/cookie-0.7.1.tgz",
      "integrity": "sha512-6DnInpx7SJ2AK3+CTUE/ZM0vWTUboZCegxhC2xiIydHR9jNuTAASBrfEpHhiGOZw/nX51bHt6YQl8jsGo4y/0w==",
      "license": "MIT",
      "engines": {
        "node": ">= 0.6"
      }
    },
    "node_modules/cookie-signature": {
      "version": "1.0.6",
      "resolved": "https://registry.npmjs.org/cookie-signature/-/cookie-signature-1.0.6.tgz",
      "integrity": "sha512-QADzlaHc8icV8I7vbaJXJwod9HWYp8uCqf1xa4OfNu1T7JVxQIrUgOWtHdNDtPiywmFbiS12VjotIXLrKM3orQ==",
      "license": "MIT"
    },
    "node_modules/cors": {
      "version": "2.8.5",
      "resolved": "https://registry.npmjs.org/cors/-/cors-2.8.5.tgz",
      "integrity": "sha512-KIHbLJqu73RGr/hnbrO9uBeixNGuvSQjul/jdFvS/KFSIH1hWVd1ng7zOHx+YrEfInLG7q4n6GHQ9cDtxv/P6g==",
      "license": "MIT",
      "dependencies": {
        "object-assign": "^4",
        "vary": "^1"
      },
      "engines": {
        "node": ">= 0.10"
      }
    },
    "node_modules/debug": {
      "version": "2.6.9",
      "resolved": "https://registry.npmjs.org/debug/-/debug-2.6.9.tgz",
      "integrity": "sha512-bC7ElrdJaJnPbAP+1EotYvqZsb3ecl5wi6Bfi6BJTUcNowp6cvspg0jXznRTKDjm/E7AdgFBVeAPVMNcKGsHMA==",
      "license": "MIT",
      "dependencies": {
        "ms": "2.0.0"
      }
    },
    "node_modules/depd": {
      "version": "2.0.0",
      "resolved": "https://registry.npmjs.org/depd/-/depd-2.0.0.tgz",
      "integrity": "sha512-g7nH6P6dyDioJogAAGprGpCtVImJhpPk/roCzdb3fIh61/s/nPsfR6onyMwkCAR/OlC3yBC0lESvUoQEAssIrw==",
      "license": "MIT",
      "engines": {
        "node": ">= 0.8"
      }
    },
    "node_modules/destroy": {
      "version": "1.2.0",
      "resolved": "https://registry.npmjs.org/destroy/-/destroy-1.2.0.tgz",
      "integrity": "sha512-2sJGJTaXIIaR1w4iJSNoN0hnMY7Gpc/n8D4qSCJw8QqFWXf7cuAgnEHxBpweaVcPevC2l3KpjYCx3NypQQgaJg==",
      "license": "MIT",
      "engines": {
        "node": ">= 0.8",
        "npm": "1.2.8000 || >= 1.4.16"
      }
    },
    "node_modules/dunder-proto": {
      "version": "1.0.1",
      "resolved": "https://registry.npmjs.org/dunder-proto/-/dunder-proto-1.0.1.tgz",
      "integrity": "sha512-KIN/nDJBQRcXw0MLVhZE9iQHmG68qAVIBg9CqmUYjmQIhgij9U5MFvrqkUL5FbtyyzZuOeOt0zdeRe4UY7ct+A==",
      "license": "MIT",
      "dependencies": {
        "call-bind-apply-helpers": "^1.0.1",
        "es-errors": "^1.3.0",
        "gopd": "^1.2.0"
      },
      "engines": {
        "node": ">= 0.4"
      }
    },
    "node_modules/ee-first": {
      "version": "1.1.1",
      "resolved": "https://registry.npmjs.org/ee-first/-/ee-first-1.1.1.tgz",
      "integrity": "sha512-WMwm9LhRUo+WUaRN+vRuETqG89IgZphVSNkdFgeb6sS/E4OrDIN7t48CAewSHXc6C8lefD8KKfr5vY61brQlow==",
      "license": "MIT"
    },
    "node_modules/encodeurl": {
      "version": "2.0.0",
      "resolved": "https://registry.npmjs.org/encodeurl/-/encodeurl-2.0.0.tgz",
      "integrity": "sha512-Q0n9HRi4m6JuGIV1eFlmvJB7ZEVxu93IrMyiMsGC0lrMJMWzRgx6WGquyfQgZVb31vhGgXnfmPNNXmxnOkRBrg==",
      "license": "MIT",
      "engines": {
        "node": ">= 0.8"
      }
    },
    "node_modules/engine.io": {
      "version": "6.6.4",
      "resolved": "https://registry.npmjs.org/engine.io/-/engine.io-6.6.4.tgz",
      "integrity": "sha512-ZCkIjSYNDyGn0R6ewHDtXgns/Zre/NT6Agvq1/WobF7JXgFff4SeDroKiCO3fNJreU9YG429Sc81o4w5ok/W5g==",
      "license": "MIT",
      "dependencies": {
        "@types/cors": "^2.8.12",
        "@types/node": ">=10.0.0",
        "accepts": "~1.3.4",
        "base64id": "2.0.0",
        "cookie": "~0.7.2",
        "cors": "~2.8.5",
        "debug": "~4.3.1",
        "engine.io-parser": "~5.2.1",
        "ws": "~8.17.1"
      },
      "engines": {
        "node": ">=10.2.0"
      }
    },
    "node_modules/engine.io-parser": {
      "version": "5.2.3",
      "resolved": "https://registry.npmjs.org/engine.io-parser/-/engine.io-parser-5.2.3.tgz",
      "integrity": "sha512-HqD3yTBfnBxIrbnM1DoD6Pcq8NECnh8d4As1Qgh0z5Gg3jRRIqijury0CL3ghu/edArpUYiYqQiDUQBIs4np3Q==",
      "license": "MIT",
      "engines": {
        "node": ">=10.0.0"
      }
    },
    "node_modules/engine.io/node_modules/cookie": {
      "version": "0.7.2",
      "resolved": "https://registry.npmjs.org/cookie/-/cookie-0.7.2.tgz",
      "integrity": "sha512-yki5XnKuf750l50uGTllt6kKILY4nQ1eNIQatoXEByZ5dWgnKqbnqmTrBE5B4N7lrMJKQ2ytWMiTO2o0v6Ew/w==",
      "license": "MIT",
      "engines": {
        "node": ">= 0.6"
      }
    },
    "node_modules/engine.io/node_modules/debug": {
      "version": "4.3.7",
      "resolved": "https://registry.npmjs.org/debug/-/debug-4.3.7.tgz",
      "integrity": "sha512-Er2nc/H7RrMXZBFCEim6TCmMk02Z8vLC2Rbi1KEBggpo0fS6l0S1nnapwmIi3yW/+GOJap1Krg4w0Hg80oCqgQ==",
      "license": "MIT",
      "dependencies": {
        "ms": "^2.1.3"
      },
      "engines": {
        "node": ">=6.0"
      },
      "peerDependenciesMeta": {
        "supports-color": {
          "optional": true
        }
      }
    },
    "node_modules/engine.io/node_modules/ms": {
      "version": "2.1.3",
      "resolved": "https://registry.npmjs.org/ms/-/ms-2.1.3.tgz",
      "integrity": "sha512-6FlzubTLZG3J2a/NVCAleEhjzq5oxgHyaCU9yYXvcLsvoVaHJq/s5xXI6/XXP6tz7R9xAOtHnSO/tXtF3WRTlA==",
      "license": "MIT"
    },
    "node_modules/es-define-property": {
      "version": "1.0.1",
      "resolved": "https://registry.npmjs.org/es-define-property/-/es-define-property-1.0.1.tgz",
      "integrity": "sha512-e3nRfgfUZ4rNGL232gUgX06QNyyez04KdjFrF+LTRoOXmrOgFKDg4BCdsjW8EnT69eqdYGmRpJwiPVYNrCaW3g==",
      "license": "MIT",
      "engines": {
        "node": ">= 0.4"
      }
    },
    "node_modules/es-errors": {
      "version": "1.3.0",
      "resolved": "https://registry.npmjs.org/es-errors/-/es-errors-1.3.0.tgz",
      "integrity": "sha512-Zf5H2Kxt2xjTvbJvP2ZWLEICxA6j+hAmMzIlypy4xcBg1vKVnx89Wy0GbS+kf5cwCVFFzdCFh2XSCFNULS6csw==",
      "license": "MIT",
      "engines": {
        "node": ">= 0.4"
      }
    },
    "node_modules/es-object-atoms": {
      "version": "1.1.1",
      "resolved": "https://registry.npmjs.org/es-object-atoms/-/es-object-atoms-1.1.1.tgz",
      "integrity": "sha512-FGgH2h8zKNim9ljj7dankFPcICIK9Cp5bm+c2gQSYePhpaG5+esrLODihIorn+Pe6FGJzWhXQotPv73jTaldXA==",
      "license": "MIT",
      "dependencies": {
        "es-errors": "^1.3.0"
      },
      "engines": {
        "node": ">= 0.4"
      }
    },
    "node_modules/escape-html": {
      "version": "1.0.3",
      "resolved": "https://registry.npmjs.org/escape-html/-/escape-html-1.0.3.tgz",
      "integrity": "sha512-NiSupZ4OeuGwr68lGIeym/ksIZMJodUGOSCZ/FSnTxcrekbvqrgdUxlJOMpijaKZVjAJrWrGs/6Jy8OMuyj9ow==",
      "license": "MIT"
    },
    "node_modules/etag": {
      "version": "1.8.1",
      "resolved": "https://registry.npmjs.org/etag/-/etag-1.8.1.tgz",
      "integrity": "sha512-aIL5Fx7mawVa300al2BnEE4iNvo1qETxLrPI/o05L7z6go7fCw1J6EQmbK4FmJ2AS7kgVF/KEZWufBfdClMcPg==",
      "license": "MIT",
      "engines": {
        "node": ">= 0.6"
      }
    },
    "node_modules/eventemitter3": {
      "version": "4.0.7",
      "resolved": "https://registry.npmjs.org/eventemitter3/-/eventemitter3-4.0.7.tgz",
      "integrity": "sha512-8guHBZCwKnFhYdHr2ysuRWErTwhoN2X8XELRlrRwpmfeY2jjuUN4taQMsULKUVo1K4DvZl+0pgfyoysHxvmvEw==",
      "license": "MIT"
    },
    "node_modules/express": {
      "version": "4.21.2",
      "resolved": "https://registry.npmjs.org/express/-/express-4.21.2.tgz",
      "integrity": "sha512-28HqgMZAmih1Czt9ny7qr6ek2qddF4FclbMzwhCREB6OFfH+rXAnuNCwo1/wFvrtbgsQDb4kSbX9de9lFbrXnA==",
      "license": "MIT",
      "dependencies": {
        "accepts": "~1.3.8",
        "array-flatten": "1.1.1",
        "body-parser": "1.20.3",
        "content-disposition": "0.5.4",
        "content-type": "~1.0.4",
        "cookie": "0.7.1",
        "cookie-signature": "1.0.6",
        "debug": "2.6.9",
        "depd": "2.0.0",
        "encodeurl": "~2.0.0",
        "escape-html": "~1.0.3",
        "etag": "~1.8.1",
        "finalhandler": "1.3.1",
        "fresh": "0.5.2",
        "http-errors": "2.0.0",
        "merge-descriptors": "1.0.3",
        "methods": "~1.1.2",
        "on-finished": "2.4.1",
        "parseurl": "~1.3.3",
        "path-to-regexp": "0.1.12",
        "proxy-addr": "~2.0.7",
        "qs": "6.13.0",
        "range-parser": "~1.2.1",
        "safe-buffer": "5.2.1",
        "send": "0.19.0",
        "serve-static": "1.16.2",
        "setprototypeof": "1.2.0",
        "statuses": "2.0.1",
        "type-is": "~1.6.18",
        "utils-merge": "1.0.1",
        "vary": "~1.1.2"
      },
      "engines": {
        "node": ">= 0.10.0"
      },
      "funding": {
        "type": "opencollective",
        "url": "https://opencollective.com/express"
      }
    },
    "node_modules/fill-range": {
      "version": "7.1.1",
      "resolved": "https://registry.npmjs.org/fill-range/-/fill-range-7.1.1.tgz",
      "integrity": "sha512-YsGpe3WHLK8ZYi4tWDg2Jy3ebRz2rXowDxnld4bkQB00cc/1Zw9AWnC0i9ztDJitivtQvaI9KaLyKrc+hBW0yg==",
      "license": "MIT",
      "dependencies": {
        "to-regex-range": "^5.0.1"
      },
      "engines": {
        "node": ">=8"
      }
    },
    "node_modules/finalhandler": {
      "version": "1.3.1",
      "resolved": "https://registry.npmjs.org/finalhandler/-/finalhandler-1.3.1.tgz",
      "integrity": "sha512-6BN9trH7bp3qvnrRyzsBz+g3lZxTNZTbVO2EV1CS0WIcDbawYVdYvGflME/9QP0h0pYlCDBCTjYa9nZzMDpyxQ==",
      "license": "MIT",
      "dependencies": {
        "debug": "2.6.9",
        "encodeurl": "~2.0.0",
        "escape-html": "~1.0.3",
        "on-finished": "2.4.1",
        "parseurl": "~1.3.3",
        "statuses": "2.0.1",
        "unpipe": "~1.0.0"
      },
      "engines": {
        "node": ">= 0.8"
      }
    },
    "node_modules/follow-redirects": {
      "version": "1.15.11",
      "resolved": "https://registry.npmjs.org/follow-redirects/-/follow-redirects-1.15.11.tgz",
      "integrity": "sha512-deG2P0JfjrTxl50XGCDyfI97ZGVCxIpfKYmfyrQ54n5FO/0gfIES8C/Psl6kWVDolizcaaxZJnTS0QSMxvnsBQ==",
      "funding": [
        {
          "type": "individual",
          "url": "https://github.com/sponsors/RubenVerborgh"
        }
      ],
      "license": "MIT",
      "engines": {
        "node": ">=4.0"
      },
      "peerDependenciesMeta": {
        "debug": {
          "optional": true
        }
      }
    },
    "node_modules/forwarded": {
      "version": "0.2.0",
      "resolved": "https://registry.npmjs.org/forwarded/-/forwarded-0.2.0.tgz",
      "integrity": "sha512-buRG0fpBtRHSTCOASe6hD258tEubFoRLb4ZNA6NxMVHNw2gOcwHo9wyablzMzOA5z9xA9L1KNjk/Nt6MT9aYow==",
      "license": "MIT",
      "engines": {
        "node": ">= 0.6"
      }
    },
    "node_modules/fresh": {
      "version": "0.5.2",
      "resolved": "https://registry.npmjs.org/fresh/-/fresh-0.5.2.tgz",
      "integrity": "sha512-zJ2mQYM18rEFOudeV4GShTGIQ7RbzA7ozbU9I/XBpm7kqgMywgmylMwXHxZJmkVoYkna9d2pVXVXPdYTP9ej8Q==",
      "license": "MIT",
      "engines": {
        "node": ">= 0.6"
      }
    },
    "node_modules/function-bind": {
      "version": "1.1.2",
      "resolved": "https://registry.npmjs.org/function-bind/-/function-bind-1.1.2.tgz",
      "integrity": "sha512-7XHNxH7qX9xG5mIwxkhumTox/MIRNcOgDrxWsMt2pAr23WHp6MrRlN7FBSFpCpr+oVO0F744iUgR82nJMfG2SA==",
      "license": "MIT",
      "funding": {
        "url": "https://github.com/sponsors/ljharb"
      }
    },
    "node_modules/geojson-path-finder": {
      "version": "1.5.3",
      "resolved": "https://registry.npmjs.org/geojson-path-finder/-/geojson-path-finder-1.5.3.tgz",
      "integrity": "sha512-AY04yLLbHQIEfLlCb/kvrU1rJJPuLR0zfWe2fjuquzQdJngvZKN+Fi/mpLoMlimrzDq2xQSYffzIv7XAG0OwZw==",
      "dev": true,
      "license": "ISC",
      "dependencies": {
        "@turf/distance": "^6.3.0",
        "@turf/explode": "^6.3.0",
        "@turf/helpers": "^6.3.0",
        "tinyqueue": "^2.0.0"
      }
    },
    "node_modules/get-intrinsic": {
      "version": "1.3.0",
      "resolved": "https://registry.npmjs.org/get-intrinsic/-/get-intrinsic-1.3.0.tgz",
      "integrity": "sha512-9fSjSaos/fRIVIp+xSJlE6lfwhES7LNtKaCBIamHsjr2na1BiABJPo0mOjjz8GJDURarmCPGqaiVg5mfjb98CQ==",
      "license": "MIT",
      "dependencies": {
        "call-bind-apply-helpers": "^1.0.2",
        "es-define-property": "^1.0.1",
        "es-errors": "^1.3.0",
        "es-object-atoms": "^1.1.1",
        "function-bind": "^1.1.2",
        "get-proto": "^1.0.1",
        "gopd": "^1.2.0",
        "has-symbols": "^1.1.0",
        "hasown": "^2.0.2",
        "math-intrinsics": "^1.1.0"
      },
      "engines": {
        "node": ">= 0.4"
      },
      "funding": {
        "url": "https://github.com/sponsors/ljharb"
      }
    },
    "node_modules/get-proto": {
      "version": "1.0.1",
      "resolved": "https://registry.npmjs.org/get-proto/-/get-proto-1.0.1.tgz",
      "integrity": "sha512-sTSfBjoXBp89JvIKIefqw7U2CCebsc74kiY6awiGogKtoSGbgjYE/G/+l9sF3MWFPNc9IcoOC4ODfKHfxFmp0g==",
      "license": "MIT",
      "dependencies": {
        "dunder-proto": "^1.0.1",
        "es-object-atoms": "^1.0.0"
      },
      "engines": {
        "node": ">= 0.4"
      }
    },
    "node_modules/gopd": {
      "version": "1.2.0",
      "resolved": "https://registry.npmjs.org/gopd/-/gopd-1.2.0.tgz",
      "integrity": "sha512-ZUKRh6/kUFoAiTAtTYPZJ3hw9wNxx+BIBOijnlG9PnrJsCcSjs1wyyD6vJpaYtgnzDrKYRSqf3OO6Rfa93xsRg==",
      "license": "MIT",
      "engines": {
        "node": ">= 0.4"
      },
      "funding": {
        "url": "https://github.com/sponsors/ljharb"
      }
    },
    "node_modules/has-symbols": {
      "version": "1.1.0",
      "resolved": "https://registry.npmjs.org/has-symbols/-/has-symbols-1.1.0.tgz",
      "integrity": "sha512-1cDNdwJ2Jaohmb3sg4OmKaMBwuC48sYni5HUw2DvsC8LjGTLK9h+eb1X6RyuOHe4hT0ULCW68iomhjUoKUqlPQ==",
      "license": "MIT",
      "engines": {
        "node": ">= 0.4"
      },
      "funding": {
        "url": "https://github.com/sponsors/ljharb"
      }
    },
    "node_modules/hasown": {
      "version": "2.0.2",
      "resolved": "https://registry.npmjs.org/hasown/-/hasown-2.0.2.tgz",
      "integrity": "sha512-0hJU9SCPvmMzIBdZFqNPXWa6dqh7WdH0cII9y+CyS8rG3nL48Bclra9HmKhVVUHyPWNH5Y7xDwAB7bfgSjkUMQ==",
      "license": "MIT",
      "dependencies": {
        "function-bind": "^1.1.2"
      },
      "engines": {
        "node": ">= 0.4"
      }
    },
    "node_modules/http-errors": {
      "version": "2.0.0",
      "resolved": "https://registry.npmjs.org/http-errors/-/http-errors-2.0.0.tgz",
      "integrity": "sha512-FtwrG/euBzaEjYeRqOgly7G0qviiXoJWnvEH2Z1plBdXgbyjv34pHTSb9zoeHMyDy33+DWy5Wt9Wo+TURtOYSQ==",
      "license": "MIT",
      "dependencies": {
        "depd": "2.0.0",
        "inherits": "2.0.4",
        "setprototypeof": "1.2.0",
        "statuses": "2.0.1",
        "toidentifier": "1.0.1"
      },
      "engines": {
        "node": ">= 0.8"
      }
    },
    "node_modules/http-proxy": {
      "version": "1.18.1",
      "resolved": "https://registry.npmjs.org/http-proxy/-/http-proxy-1.18.1.tgz",
      "integrity": "sha512-7mz/721AbnJwIVbnaSv1Cz3Am0ZLT/UBwkC92VlxhXv/k/BBQfM2fXElQNC27BVGr0uwUpplYPQM9LnaBMR5NQ==",
      "license": "MIT",
      "dependencies": {
        "eventemitter3": "^4.0.0",
        "follow-redirects": "^1.0.0",
        "requires-port": "^1.0.0"
      },
      "engines": {
        "node": ">=8.0.0"
      }
    },
    "node_modules/http-proxy-middleware": {
      "version": "3.0.5",
      "resolved": "https://registry.npmjs.org/http-proxy-middleware/-/http-proxy-middleware-3.0.5.tgz",
      "integrity": "sha512-GLZZm1X38BPY4lkXA01jhwxvDoOkkXqjgVyUzVxiEK4iuRu03PZoYHhHRwxnfhQMDuaxi3vVri0YgSro/1oWqg==",
      "license": "MIT",
      "dependencies": {
        "@types/http-proxy": "^1.17.15",
        "debug": "^4.3.6",
        "http-proxy": "^1.18.1",
        "is-glob": "^4.0.3",
        "is-plain-object": "^5.0.0",
        "micromatch": "^4.0.8"
      },
      "engines": {
        "node": "^14.15.0 || ^16.10.0 || >=18.0.0"
      }
    },
    "node_modules/http-proxy-middleware/node_modules/debug": {
      "version": "4.4.3",
      "resolved": "https://registry.npmjs.org/debug/-/debug-4.4.3.tgz",
      "integrity": "sha512-RGwwWnwQvkVfavKVt22FGLw+xYSdzARwm0ru6DhTVA3umU5hZc28V3kO4stgYryrTlLpuvgI9GiijltAjNbcqA==",
      "license": "MIT",
      "dependencies": {
        "ms": "^2.1.3"
      },
      "engines": {
        "node": ">=6.0"
      },
      "peerDependenciesMeta": {
        "supports-color": {
          "optional": true
        }
      }
    },
    "node_modules/http-proxy-middleware/node_modules/ms": {
      "version": "2.1.3",
      "resolved": "https://registry.npmjs.org/ms/-/ms-2.1.3.tgz",
      "integrity": "sha512-6FlzubTLZG3J2a/NVCAleEhjzq5oxgHyaCU9yYXvcLsvoVaHJq/s5xXI6/XXP6tz7R9xAOtHnSO/tXtF3WRTlA==",
      "license": "MIT"
    },
    "node_modules/iconv-lite": {
      "version": "0.4.24",
      "resolved": "https://registry.npmjs.org/iconv-lite/-/iconv-lite-0.4.24.tgz",
      "integrity": "sha512-v3MXnZAcvnywkTUEZomIActle7RXXeedOR31wwl7VlyoXO4Qi9arvSenNQWne1TcRwhCL1HwLI21bEqdpj8/rA==",
      "license": "MIT",
      "dependencies": {
        "safer-buffer": ">= 2.1.2 < 3"
      },
      "engines": {
        "node": ">=0.10.0"
      }
    },
    "node_modules/inherits": {
      "version": "2.0.4",
      "resolved": "https://registry.npmjs.org/inherits/-/inherits-2.0.4.tgz",
      "integrity": "sha512-k/vGaX4/Yla3WzyMCvTQOXYeIHvqOKtnqBduzTHpzpQZzAskKMhZ2K+EnBiSM9zGSoIFeMpXKxa4dYeZIQqewQ==",
      "license": "ISC"
    },
    "node_modules/ipaddr.js": {
      "version": "1.9.1",
      "resolved": "https://registry.npmjs.org/ipaddr.js/-/ipaddr.js-1.9.1.tgz",
      "integrity": "sha512-0KI/607xoxSToH7GjN1FfSbLoU0+btTicjsQSWQlh/hZykN8KpmMf7uYwPW3R+akZ6R/w18ZlXSHBYXiYUPO3g==",
      "license": "MIT",
      "engines": {
        "node": ">= 0.10"
      }
    },
    "node_modules/is-extglob": {
      "version": "2.1.1",
      "resolved": "https://registry.npmjs.org/is-extglob/-/is-extglob-2.1.1.tgz",
      "integrity": "sha512-SbKbANkN603Vi4jEZv49LeVJMn4yGwsbzZworEoyEiutsN3nJYdbO36zfhGJ6QEDpOZIFkDtnq5JRxmvl3jsoQ==",
      "license": "MIT",
      "engines": {
        "node": ">=0.10.0"
      }
    },
    "node_modules/is-glob": {
      "version": "4.0.3",
      "resolved": "https://registry.npmjs.org/is-glob/-/is-glob-4.0.3.tgz",
      "integrity": "sha512-xelSayHH36ZgE7ZWhli7pW34hNbNl8Ojv5KVmkJD4hBdD3th8Tfk9vYasLM+mXWOZhFkgZfxhLSnrwRr4elSSg==",
      "license": "MIT",
      "dependencies": {
        "is-extglob": "^2.1.1"
      },
      "engines": {
        "node": ">=0.10.0"
      }
    },
    "node_modules/is-number": {
      "version": "7.0.0",
      "resolved": "https://registry.npmjs.org/is-number/-/is-number-7.0.0.tgz",
      "integrity": "sha512-41Cifkg6e8TylSpdtTpeLVMqvSBEVzTttHvERD741+pnZ8ANv0004MRL43QKPDlK9cGvNp6NZWZUBlbGXYxxng==",
      "license": "MIT",
      "engines": {
        "node": ">=0.12.0"
      }
    },
    "node_modules/is-plain-object": {
      "version": "5.0.0",
      "resolved": "https://registry.npmjs.org/is-plain-object/-/is-plain-object-5.0.0.tgz",
      "integrity": "sha512-VRSzKkbMm5jMDoKLbltAkFQ5Qr7VDiTFGXxYFXXowVj387GeGNOCsOH6Msy00SGZ3Fp84b1Naa1psqgcCIEP5Q==",
      "license": "MIT",
      "engines": {
        "node": ">=0.10.0"
      }
    },
    "node_modules/math-intrinsics": {
      "version": "1.1.0",
      "resolved": "https://registry.npmjs.org/math-intrinsics/-/math-intrinsics-1.1.0.tgz",
      "integrity": "sha512-/IXtbwEk5HTPyEwyKX6hGkYXxM9nbj64B+ilVJnC/R6B0pH5G4V3b0pVbL7DBj4tkhBAppbQUlf6F6Xl9LHu1g==",
      "license": "MIT",
      "engines": {
        "node": ">= 0.4"
      }
    },
    "node_modules/media-typer": {
      "version": "0.3.0",
      "resolved": "https://registry.npmjs.org/media-typer/-/media-typer-0.3.0.tgz",
      "integrity": "sha512-dq+qelQ9akHpcOl/gUVRTxVIOkAJ1wR3QAvb4RsVjS8oVoFjDGTc679wJYmUmknUF5HwMLOgb5O+a3KxfWapPQ==",
      "license": "MIT",
      "engines": {
        "node": ">= 0.6"
      }
    },
    "node_modules/merge-descriptors": {
      "version": "1.0.3",
      "resolved": "https://registry.npmjs.org/merge-descriptors/-/merge-descriptors-1.0.3.tgz",
      "integrity": "sha512-gaNvAS7TZ897/rVaZ0nMtAyxNyi/pdbjbAwUpFQpN70GqnVfOiXpeUUMKRBmzXaSQ8DdTX4/0ms62r2K+hE6mQ==",
      "license": "MIT",
      "funding": {
        "url": "https://github.com/sponsors/sindresorhus"
      }
    },
    "node_modules/methods": {
      "version": "1.1.2",
      "resolved": "https://registry.npmjs.org/methods/-/methods-1.1.2.tgz",
      "integrity": "sha512-iclAHeNqNm68zFtnZ0e+1L2yUIdvzNoauKU4WBA3VvH/vPFieF7qfRlwUZU+DA9P9bPXIS90ulxoUoCH23sV2w==",
      "license": "MIT",
      "engines": {
        "node": ">= 0.6"
      }
    },
    "node_modules/micromatch": {
      "version": "4.0.8",
      "resolved": "https://registry.npmjs.org/micromatch/-/micromatch-4.0.8.tgz",
      "integrity": "sha512-PXwfBhYu0hBCPw8Dn0E+WDYb7af3dSLVWKi3HGv84IdF4TyFoC0ysxFd0Goxw7nSv4T/PzEJQxsYsEiFCKo2BA==",
      "license": "MIT",
      "dependencies": {
        "braces": "^3.0.3",
        "picomatch": "^2.3.1"
      },
      "engines": {
        "node": ">=8.6"
      }
    },
    "node_modules/mime": {
      "version": "1.6.0",
      "resolved": "https://registry.npmjs.org/mime/-/mime-1.6.0.tgz",
      "integrity": "sha512-x0Vn8spI+wuJ1O6S7gnbaQg8Pxh4NNHb7KSINmEWKiPE4RKOplvijn+NkmYmmRgP68mc70j2EbeTFRsrswaQeg==",
      "license": "MIT",
      "bin": {
        "mime": "cli.js"
      },
      "engines": {
        "node": ">=4"
      }
    },
    "node_modules/mime-db": {
      "version": "1.52.0",
      "resolved": "https://registry.npmjs.org/mime-db/-/mime-db-1.52.0.tgz",
      "integrity": "sha512-sPU4uV7dYlvtWJxwwxHD0PuihVNiE7TyAbQ5SWxDCB9mUYvOgroQOwYQQOKPJ8CIbE+1ETVlOoK1UC2nU3gYvg==",
      "license": "MIT",
      "engines": {
        "node": ">= 0.6"
      }
    },
    "node_modules/mime-types": {
      "version": "2.1.35",
      "resolved": "https://registry.npmjs.org/mime-types/-/mime-types-2.1.35.tgz",
      "integrity": "sha512-ZDY+bPm5zTTF+YpCrAU9nK0UgICYPT0QtT1NZWFv4s++TNkcgVaT0g6+4R2uI4MjQjzysHB1zxuWL50hzaeXiw==",
      "license": "MIT",
      "dependencies": {
        "mime-db": "1.52.0"
      },
      "engines": {
        "node": ">= 0.6"
      }
    },
    "node_modules/ms": {
      "version": "2.0.0",
      "resolved": "https://registry.npmjs.org/ms/-/ms-2.0.0.tgz",
      "integrity": "sha512-Tpp60P6IUJDTuOq/5Z8cdskzJujfwqfOTkrwIwj7IRISpnkJnT6SyJ4PCPnGMoFjC9ddhal5KVIYtAt97ix05A==",
      "license": "MIT"
    },
    "node_modules/negotiator": {
      "version": "0.6.3",
      "resolved": "https://registry.npmjs.org/negotiator/-/negotiator-0.6.3.tgz",
      "integrity": "sha512-+EUsqGPLsM+j/zdChZjsnX51g4XrHFOIXwfnCVPGlQk/k5giakcKsuxCObBRu6DSm9opw/O6slWbJdghQM4bBg==",
      "license": "MIT",
      "engines": {
        "node": ">= 0.6"
      }
    },
    "node_modules/object-assign": {
      "version": "4.1.1",
      "resolved": "https://registry.npmjs.org/object-assign/-/object-assign-4.1.1.tgz",
      "integrity": "sha512-rJgTQnkUnH1sFw8yT6VSU3zD3sWmu6sZhIseY8VX+GRu3P6F7Fu+JNDoXfklElbLJSnc3FUQHVe4cU5hj+BcUg==",
      "license": "MIT",
      "engines": {
        "node": ">=0.10.0"
      }
    },
    "node_modules/object-inspect": {
      "version": "1.13.4",
      "resolved": "https://registry.npmjs.org/object-inspect/-/object-inspect-1.13.4.tgz",
      "integrity": "sha512-W67iLl4J2EXEGTbfeHCffrjDfitvLANg0UlX3wFUUSTx92KXRFegMHUVgSqE+wvhAbi4WqjGg9czysTV2Epbew==",
      "license": "MIT",
      "engines": {
        "node": ">= 0.4"
      },
      "funding": {
        "url": "https://github.com/sponsors/ljharb"
      }
    },
    "node_modules/on-finished": {
      "version": "2.4.1",
      "resolved": "https://registry.npmjs.org/on-finished/-/on-finished-2.4.1.tgz",
      "integrity": "sha512-oVlzkg3ENAhCk2zdv7IJwd/QUD4z2RxRwpkcGY8psCVcCYZNq4wYnVWALHM+brtuJjePWiYF/ClmuDr8Ch5+kg==",
      "license": "MIT",
      "dependencies": {
        "ee-first": "1.1.1"
      },
      "engines": {
        "node": ">= 0.8"
      }
    },
    "node_modules/parseurl": {
      "version": "1.3.3",
      "resolved": "https://registry.npmjs.org/parseurl/-/parseurl-1.3.3.tgz",
      "integrity": "sha512-CiyeOxFT/JZyN5m0z9PfXw4SCBJ6Sygz1Dpl0wqjlhDEGGBP1GnsUVEL0p63hoG1fcj3fHynXi9NYO4nWOL+qQ==",
      "license": "MIT",
      "engines": {
        "node": ">= 0.8"
      }
    },
    "node_modules/path-to-regexp": {
      "version": "0.1.12",
      "resolved": "https://registry.npmjs.org/path-to-regexp/-/path-to-regexp-0.1.12.tgz",
      "integrity": "sha512-RA1GjUVMnvYFxuqovrEqZoxxW5NUZqbwKtYz/Tt7nXerk0LbLblQmrsgdeOxV5SFHf0UDggjS/bSeOZwt1pmEQ==",
      "license": "MIT"
    },
    "node_modules/picomatch": {
      "version": "2.3.1",
      "resolved": "https://registry.npmjs.org/picomatch/-/picomatch-2.3.1.tgz",
      "integrity": "sha512-JU3teHTNjmE2VCGFzuY8EXzCDVwEqB2a8fsIvwaStHhAWJEeVd1o1QD80CU6+ZdEXXSLbSsuLwJjkCBWqRQUVA==",
      "license": "MIT",
      "engines": {
        "node": ">=8.6"
      },
      "funding": {
        "url": "https://github.com/sponsors/jonschlinkert"
      }
    },
    "node_modules/proxy-addr": {
      "version": "2.0.7",
      "resolved": "https://registry.npmjs.org/proxy-addr/-/proxy-addr-2.0.7.tgz",
      "integrity": "sha512-llQsMLSUDUPT44jdrU/O37qlnifitDP+ZwrmmZcoSKyLKvtZxpyV0n2/bD/N4tBAAZ/gJEdZU7KMraoK1+XYAg==",
      "license": "MIT",
      "dependencies": {
        "forwarded": "0.2.0",
        "ipaddr.js": "1.9.1"
      },
      "engines": {
        "node": ">= 0.10"
      }
    },
    "node_modules/qs": {
      "version": "6.13.0",
      "resolved": "https://registry.npmjs.org/qs/-/qs-6.13.0.tgz",
      "integrity": "sha512-+38qI9SOr8tfZ4QmJNplMUxqjbe7LKvvZgWdExBOmd+egZTtjLB67Gu0HRX3u/XOq7UU2Nx6nsjvS16Z9uwfpg==",
      "license": "BSD-3-Clause",
      "dependencies": {
        "side-channel": "^1.0.6"
      },
      "engines": {
        "node": ">=0.6"
      },
      "funding": {
        "url": "https://github.com/sponsors/ljharb"
      }
    },
    "node_modules/range-parser": {
      "version": "1.2.1",
      "resolved": "https://registry.npmjs.org/range-parser/-/range-parser-1.2.1.tgz",
      "integrity": "sha512-Hrgsx+orqoygnmhFbKaHE6c296J+HTAQXoxEF6gNupROmmGJRoyzfG3ccAveqCBrwr/2yxQ5BVd/GTl5agOwSg==",
      "license": "MIT",
      "engines": {
        "node": ">= 0.6"
      }
    },
    "node_modules/raw-body": {
      "version": "2.5.2",
      "resolved": "https://registry.npmjs.org/raw-body/-/raw-body-2.5.2.tgz",
      "integrity": "sha512-8zGqypfENjCIqGhgXToC8aB2r7YrBX+AQAfIPs/Mlk+BtPTztOvTS01NRW/3Eh60J+a48lt8qsCzirQ6loCVfA==",
      "license": "MIT",
      "dependencies": {
        "bytes": "3.1.2",
        "http-errors": "2.0.0",
        "iconv-lite": "0.4.24",
        "unpipe": "1.0.0"
      },
      "engines": {
        "node": ">= 0.8"
      }
    },
    "node_modules/requires-port": {
      "version": "1.0.0",
      "resolved": "https://registry.npmjs.org/requires-port/-/requires-port-1.0.0.tgz",
      "integrity": "sha512-KigOCHcocU3XODJxsu8i/j8T9tzT4adHiecwORRQ0ZZFcp7ahwXuRU1m+yuO90C5ZUyGeGfocHDI14M3L3yDAQ==",
      "license": "MIT"
    },
    "node_modules/safe-buffer": {
      "version": "5.2.1",
      "resolved": "https://registry.npmjs.org/safe-buffer/-/safe-buffer-5.2.1.tgz",
      "integrity": "sha512-rp3So07KcdmmKbGvgaNxQSJr7bGVSVk5S9Eq1F+ppbRo70+YeaDxkw5Dd8NPN+GD6bjnYm2VuPuCXmpuYvmCXQ==",
      "funding": [
        {
          "type": "github",
          "url": "https://github.com/sponsors/feross"
        },
        {
          "type": "patreon",
          "url": "https://www.patreon.com/feross"
        },
        {
          "type": "consulting",
          "url": "https://feross.org/support"
        }
      ],
      "license": "MIT"
    },
    "node_modules/safer-buffer": {
      "version": "2.1.2",
      "resolved": "https://registry.npmjs.org/safer-buffer/-/safer-buffer-2.1.2.tgz",
      "integrity": "sha512-YZo3K82SD7Riyi0E1EQPojLz7kpepnSQI9IyPbHHg1XXXevb5dJI7tpyN2ADxGcQbHG7vcyRHk0cbwqcQriUtg==",
      "license": "MIT"
    },
    "node_modules/searoute-js": {
      "version": "0.1.0",
      "resolved": "https://registry.npmjs.org/searoute-js/-/searoute-js-0.1.0.tgz",
      "integrity": "sha512-s4EfPTs6Yat1wmVqld+PVGWt1zp4qHEdASSeTX9b1kJ8cgO+YooB36+vo/cRCOq4CbcgiSxK0boSYxuYOAlUOQ==",
      "dev": true,
      "license": "MIT",
      "dependencies": {
        "@turf/helpers": "^6.1.4",
        "@turf/length": "^6.0.2",
        "@turf/point-to-line-distance": "^6.0.0",
        "geojson-path-finder": "^1.5.2"
      }
    },
    "node_modules/send": {
      "version": "0.19.0",
      "resolved": "https://registry.npmjs.org/send/-/send-0.19.0.tgz",
      "integrity": "sha512-dW41u5VfLXu8SJh5bwRmyYUbAoSB3c9uQh6L8h/KtsFREPWpbX1lrljJo186Jc4nmci/sGUZ9a0a0J2zgfq2hw==",
      "license": "MIT",
      "dependencies": {
        "debug": "2.6.9",
        "depd": "2.0.0",
        "destroy": "1.2.0",
        "encodeurl": "~1.0.2",
        "escape-html": "~1.0.3",
        "etag": "~1.8.1",
        "fresh": "0.5.2",
        "http-errors": "2.0.0",
        "mime": "1.6.0",
        "ms": "2.1.3",
        "on-finished": "2.4.1",
        "range-parser": "~1.2.1",
        "statuses": "2.0.1"
      },
      "engines": {
        "node": ">= 0.8.0"
      }
    },
    "node_modules/send/node_modules/encodeurl": {
      "version": "1.0.2",
      "resolved": "https://registry.npmjs.org/encodeurl/-/encodeurl-1.0.2.tgz",
      "integrity": "sha512-TPJXq8JqFaVYm2CWmPvnP2Iyo4ZSM7/QKcSmuMLDObfpH5fi7RUGmd/rTDf+rut/saiDiQEeVTNgAmJEdAOx0w==",
      "license": "MIT",
      "engines": {
        "node": ">= 0.8"
      }
    },
    "node_modules/send/node_modules/ms": {
      "version": "2.1.3",
      "resolved": "https://registry.npmjs.org/ms/-/ms-2.1.3.tgz",
      "integrity": "sha512-6FlzubTLZG3J2a/NVCAleEhjzq5oxgHyaCU9yYXvcLsvoVaHJq/s5xXI6/XXP6tz7R9xAOtHnSO/tXtF3WRTlA==",
      "license": "MIT"
    },
    "node_modules/serve-static": {
      "version": "1.16.2",
      "resolved": "https://registry.npmjs.org/serve-static/-/serve-static-1.16.2.tgz",
      "integrity": "sha512-VqpjJZKadQB/PEbEwvFdO43Ax5dFBZ2UECszz8bQ7pi7wt//PWe1P6MN7eCnjsatYtBT6EuiClbjSWP2WrIoTw==",
      "license": "MIT",
      "dependencies": {
        "encodeurl": "~2.0.0",
        "escape-html": "~1.0.3",
        "parseurl": "~1.3.3",
        "send": "0.19.0"
      },
      "engines": {
        "node": ">= 0.8.0"
      }
    },
    "node_modules/setprototypeof": {
      "version": "1.2.0",
      "resolved": "https://registry.npmjs.org/setprototypeof/-/setprototypeof-1.2.0.tgz",
      "integrity": "sha512-E5LDX7Wrp85Kil5bhZv46j8jOeboKq5JMmYM3gVGdGH8xFpPWXUMsNrlODCrkoxMEeNi/XZIwuRvY4XNwYMJpw==",
      "license": "ISC"
    },
    "node_modules/side-channel": {
      "version": "1.1.0",
      "resolved": "https://registry.npmjs.org/side-channel/-/side-channel-1.1.0.tgz",
      "integrity": "sha512-ZX99e6tRweoUXqR+VBrslhda51Nh5MTQwou5tnUDgbtyM0dBgmhEDtWGP/xbKn6hqfPRHujUNwz5fy/wbbhnpw==",
      "license": "MIT",
      "dependencies": {
        "es-errors": "^1.3.0",
        "object-inspect": "^1.13.3",
        "side-channel-list": "^1.0.0",
        "side-channel-map": "^1.0.1",
        "side-channel-weakmap": "^1.0.2"
      },
      "engines": {
        "node": ">= 0.4"
      },
      "funding": {
        "url": "https://github.com/sponsors/ljharb"
      }
    },
    "node_modules/side-channel-list": {
      "version": "1.0.0",
      "resolved": "https://registry.npmjs.org/side-channel-list/-/side-channel-list-1.0.0.tgz",
      "integrity": "sha512-FCLHtRD/gnpCiCHEiJLOwdmFP+wzCmDEkc9y7NsYxeF4u7Btsn1ZuwgwJGxImImHicJArLP4R0yX4c2KCrMrTA==",
      "license": "MIT",
      "dependencies": {
        "es-errors": "^1.3.0",
        "object-inspect": "^1.13.3"
      },
      "engines": {
        "node": ">= 0.4"
      },
      "funding": {
        "url": "https://github.com/sponsors/ljharb"
      }
    },
    "node_modules/side-channel-map": {
      "version": "1.0.1",
      "resolved": "https://registry.npmjs.org/side-channel-map/-/side-channel-map-1.0.1.tgz",
      "integrity": "sha512-VCjCNfgMsby3tTdo02nbjtM/ewra6jPHmpThenkTYh8pG9ucZ/1P8So4u4FGBek/BjpOVsDCMoLA/iuBKIFXRA==",
      "license": "MIT",
      "dependencies": {
        "call-bound": "^1.0.2",
        "es-errors": "^1.3.0",
        "get-intrinsic": "^1.2.5",
        "object-inspect": "^1.13.3"
      },
      "engines": {
        "node": ">= 0.4"
      },
      "funding": {
        "url": "https://github.com/sponsors/ljharb"
      }
    },
    "node_modules/side-channel-weakmap": {
      "version": "1.0.2",
      "resolved": "https://registry.npmjs.org/side-channel-weakmap/-/side-channel-weakmap-1.0.2.tgz",
      "integrity": "sha512-WPS/HvHQTYnHisLo9McqBHOJk2FkHO/tlpvldyrnem4aeQp4hai3gythswg6p01oSoTl58rcpiFAjF2br2Ak2A==",
      "license": "MIT",
      "dependencies": {
        "call-bound": "^1.0.2",
        "es-errors": "^1.3.0",
        "get-intrinsic": "^1.2.5",
        "object-inspect": "^1.13.3",
        "side-channel-map": "^1.0.1"
      },
      "engines": {
        "node": ">= 0.4"
      },
      "funding": {
        "url": "https://github.com/sponsors/ljharb"
      }
    },
    "node_modules/socket.io": {
      "version": "4.8.1",
      "resolved": "https://registry.npmjs.org/socket.io/-/socket.io-4.8.1.tgz",
      "integrity": "sha512-oZ7iUCxph8WYRHHcjBEc9unw3adt5CmSNlppj/5Q4k2RIrhl8Z5yY2Xr4j9zj0+wzVZ0bxmYoGSzKJnRl6A4yg==",
      "license": "MIT",
      "dependencies": {
        "accepts": "~1.3.4",
        "base64id": "~2.0.0",
        "cors": "~2.8.5",
        "debug": "~4.3.2",
        "engine.io": "~6.6.0",
        "socket.io-adapter": "~2.5.2",
        "socket.io-parser": "~4.2.4"
      },
      "engines": {
        "node": ">=10.2.0"
      }
    },
    "node_modules/socket.io-adapter": {
      "version": "2.5.5",
      "resolved": "https://registry.npmjs.org/socket.io-adapter/-/socket.io-adapter-2.5.5.tgz",
      "integrity": "sha512-eLDQas5dzPgOWCk9GuuJC2lBqItuhKI4uxGgo9aIV7MYbk2h9Q6uULEh8WBzThoI7l+qU9Ast9fVUmkqPP9wYg==",
      "license": "MIT",
      "dependencies": {
        "debug": "~4.3.4",
        "ws": "~8.17.1"
      }
    },
    "node_modules/socket.io-adapter/node_modules/debug": {
      "version": "4.3.7",
      "resolved": "https://registry.npmjs.org/debug/-/debug-4.3.7.tgz",
      "integrity": "sha512-Er2nc/H7RrMXZBFCEim6TCmMk02Z8vLC2Rbi1KEBggpo0fS6l0S1nnapwmIi3yW/+GOJap1Krg4w0Hg80oCqgQ==",
      "license": "MIT",
      "dependencies": {
        "ms": "^2.1.3"
      },
      "engines": {
        "node": ">=6.0"
      },
      "peerDependenciesMeta": {
        "supports-color": {
          "optional": true
        }
      }
    },
    "node_modules/socket.io-adapter/node_modules/ms": {
      "version": "2.1.3",
      "resolved": "https://registry.npmjs.org/ms/-/ms-2.1.3.tgz",
      "integrity": "sha512-6FlzubTLZG3J2a/NVCAleEhjzq5oxgHyaCU9yYXvcLsvoVaHJq/s5xXI6/XXP6tz7R9xAOtHnSO/tXtF3WRTlA==",
      "license": "MIT"
    },
    "node_modules/socket.io-parser": {
      "version": "4.2.4",
      "resolved": "https://registry.npmjs.org/socket.io-parser/-/socket.io-parser-4.2.4.tgz",
      "integrity": "sha512-/GbIKmo8ioc+NIWIhwdecY0ge+qVBSMdgxGygevmdHj24bsfgtCmcUUcQ5ZzcylGFHsN3k4HB4Cgkl96KVnuew==",
      "license": "MIT",
      "dependencies": {
        "@socket.io/component-emitter": "~3.1.0",
        "debug": "~4.3.1"
      },
      "engines": {
        "node": ">=10.0.0"
      }
    },
    "node_modules/socket.io-parser/node_modules/debug": {
      "version": "4.3.7",
      "resolved": "https://registry.npmjs.org/debug/-/debug-4.3.7.tgz",
      "integrity": "sha512-Er2nc/H7RrMXZBFCEim6TCmMk02Z8vLC2Rbi1KEBggpo0fS6l0S1nnapwmIi3yW/+GOJap1Krg4w0Hg80oCqgQ==",
      "license": "MIT",
      "dependencies": {
        "ms": "^2.1.3"
      },
      "engines": {
        "node": ">=6.0"
      },
      "peerDependenciesMeta": {
        "supports-color": {
          "optional": true
        }
      }
    },
    "node_modules/socket.io-parser/node_modules/ms": {
      "version": "2.1.3",
      "resolved": "https://registry.npmjs.org/ms/-/ms-2.1.3.tgz",
      "integrity": "sha512-6FlzubTLZG3J2a/NVCAleEhjzq5oxgHyaCU9yYXvcLsvoVaHJq/s5xXI6/XXP6tz7R9xAOtHnSO/tXtF3WRTlA==",
      "license": "MIT"
    },
    "node_modules/socket.io/node_modules/debug": {
      "version": "4.3.7",
      "resolved": "https://registry.npmjs.org/debug/-/debug-4.3.7.tgz",
      "integrity": "sha512-Er2nc/H7RrMXZBFCEim6TCmMk02Z8vLC2Rbi1KEBggpo0fS6l0S1nnapwmIi3yW/+GOJap1Krg4w0Hg80oCqgQ==",
      "license": "MIT",
      "dependencies": {
        "ms": "^2.1.3"
      },
      "engines": {
        "node": ">=6.0"
      },
      "peerDependenciesMeta": {
        "supports-color": {
          "optional": true
        }
      }
    },
    "node_modules/socket.io/node_modules/ms": {
      "version": "2.1.3",
      "resolved": "https://registry.npmjs.org/ms/-/ms-2.1.3.tgz",
      "integrity": "sha512-6FlzubTLZG3J2a/NVCAleEhjzq5oxgHyaCU9yYXvcLsvoVaHJq/s5xXI6/XXP6tz7R9xAOtHnSO/tXtF3WRTlA==",
      "license": "MIT"
    },
    "node_modules/statuses": {
      "version": "2.0.1",
      "resolved": "https://registry.npmjs.org/statuses/-/statuses-2.0.1.tgz",
      "integrity": "sha512-RwNA9Z/7PrK06rYLIzFMlaF+l73iwpzsqRIFgbMLbTcLD6cOao82TaWefPXQvB2fOC4AjuYSEndS7N/mTCbkdQ==",
      "license": "MIT",
      "engines": {
        "node": ">= 0.8"
      }
    },
    "node_modules/tinyqueue": {
      "version": "2.0.3",
      "resolved": "https://registry.npmjs.org/tinyqueue/-/tinyqueue-2.0.3.tgz",
      "integrity": "sha512-ppJZNDuKGgxzkHihX8v9v9G5f+18gzaTfrukGrq6ueg0lmH4nqVnA2IPG0AEH3jKEk2GRJCUhDoqpoiw3PHLBA==",
      "dev": true,
      "license": "ISC"
    },
    "node_modules/to-regex-range": {
      "version": "5.0.1",
      "resolved": "https://registry.npmjs.org/to-regex-range/-/to-regex-range-5.0.1.tgz",
      "integrity": "sha512-65P7iz6X5yEr1cwcgvQxbbIw7Uk3gOy5dIdtZ4rDveLqhrdJP+Li/Hx6tyK0NEb+2GCyneCMJiGqrADCSNk8sQ==",
      "license": "MIT",
      "dependencies": {
        "is-number": "^7.0.0"
      },
      "engines": {
        "node": ">=8.0"
      }
    },
    "node_modules/toidentifier": {
      "version": "1.0.1",
      "resolved": "https://registry.npmjs.org/toidentifier/-/toidentifier-1.0.1.tgz",
      "integrity": "sha512-o5sSPKEkg/DIQNmH43V0/uerLrpzVedkUh8tGNvaeXpfpuwjKenlSox/2O/BTlZUtEe+JG7s5YhEz608PlAHRA==",
      "license": "MIT",
      "engines": {
        "node": ">=0.6"
      }
    },
    "node_modules/type-is": {
      "version": "1.6.18",
      "resolved": "https://registry.npmjs.org/type-is/-/type-is-1.6.18.tgz",
      "integrity": "sha512-TkRKr9sUTxEH8MdfuCSP7VizJyzRNMjj2J2do2Jr3Kym598JVdEksuzPQCnlFPW4ky9Q+iA+ma9BGm06XQBy8g==",
      "license": "MIT",
      "dependencies": {
        "media-typer": "0.3.0",
        "mime-types": "~2.1.24"
      },
      "engines": {
        "node": ">= 0.6"
      }
    },
    "node_modules/undici-types": {
      "version": "7.16.0",
      "resolved": "https://registry.npmjs.org/undici-types/-/undici-types-7.16.0.tgz",
      "integrity": "sha512-Zz+aZWSj8LE6zoxD+xrjh4VfkIG8Ya6LvYkZqtUQGJPZjYl53ypCaUwWqo7eI0x66KBGeRo+mlBEkMSeSZ38Nw==",
      "license": "MIT"
    },
    "node_modules/unpipe": {
      "version": "1.0.0",
      "resolved": "https://registry.npmjs.org/unpipe/-/unpipe-1.0.0.tgz",
      "integrity": "sha512-pjy2bYhSsufwWlKwPc+l3cN7+wuJlK6uz0YdJEOlQDbl6jo/YlPi4mb8agUkVC8BF7V8NuzeyPNqRksA3hztKQ==",
      "license": "MIT",
      "engines": {
        "node": ">= 0.8"
      }
    },
    "node_modules/utils-merge": {
      "version": "1.0.1",
      "resolved": "https://registry.npmjs.org/utils-merge/-/utils-merge-1.0.1.tgz",
      "integrity": "sha512-pMZTvIkT1d+TFGvDOqodOclx0QWkkgi6Tdoa8gC8ffGAAqz9pzPTZWAybbsHHoED/ztMtkv/VoYTYyShUn81hA==",
      "license": "MIT",
      "engines": {
        "node": ">= 0.4.0"
      }
    },
    "node_modules/vary": {
      "version": "1.1.2",
      "resolved": "https://registry.npmjs.org/vary/-/vary-1.1.2.tgz",
      "integrity": "sha512-BNGbWLfd0eUPabhkXUVm0j8uuvREyTh5ovRa/dyow/BqAbZJyC+5fU+IzQOzmAKzYqYRAISoRhdQr3eIZ/PXqg==",
      "license": "MIT",
      "engines": {
        "node": ">= 0.8"
      }
    },
    "node_modules/ws": {
      "version": "8.17.1",
      "resolved": "https://registry.npmjs.org/ws/-/ws-8.17.1.tgz",
      "integrity": "sha512-6XQFvXTkbfUOZOKKILFG1PDK2NDQs4azKQl26T0YS5CxqWLgXajbPZ+h4gZekJyRqFU8pvnbAbbs/3TgRPy+GQ==",
      "license": "MIT",
      "engines": {
        "node": ">=10.0.0"
      },
      "peerDependencies": {
        "bufferutil": "^4.0.1",
        "utf-8-validate": ">=5.0.2"
      },
      "peerDependenciesMeta": {
        "bufferutil": {
          "optional": true
        },
        "utf-8-validate": {
          "optional": true
        }
      }
    }
  }
}
